,NB,DT,LR,KNN
IG,2.561103954406222,-7.178345792138894,0.1314471396590753,-7.44638447748535
CFS+GS,9.565958902427308,5.204307187065812,-0.6310047728258843,-1.1223214038747993
